[
  { "id": "v_boda_001", "korean": "보다", "translation": "to see / watch", "example": "저는 영화를 봐요.", "imageAssetName": null, "audioKey": null, "tags": ["pos:verb", "topic:daily"] },
  { "id": "v_meokda_001", "korean": "먹다", "translation": "to eat", "example": "저는 밥을 먹어요.", "imageAssetName": null, "audioKey": null, "tags": ["pos:verb", "topic:food"] },
  { "id": "v_masida_001", "korean": "마시다", "translation": "to drink", "example": "물을 마셔요.", "imageAssetName": null, "audioKey": null, "tags": ["pos:verb", "topic:food"] },
  { "id": "v_gada_001", "korean": "가다", "translation": "to go", "example": "학교에 가요.", "imageAssetName": null, "audioKey": null, "tags": ["pos:verb", "topic:travel"] },
  { "id": "v_oda_001", "korean": "오다", "translation": "to come", "example": "집에 와요.", "imageAssetName": null, "audioKey": null, "tags": ["pos:verb", "topic:travel"] },

  { "id": "n_bap_001", "korean": "밥", "translation": "rice / meal", "example": "밥 먹었어요?", "imageAssetName": null, "audioKey": null, "tags": ["pos:noun", "topic:food"] },
  { "id": "n_mul_001", "korean": "물", "translation": "water", "example": "물 주세요.", "imageAssetName": null, "audioKey": null, "tags": ["pos:noun", "topic:food"] },
  { "id": "n_hakgyo_001", "korean": "학교", "translation": "school", "example": "학교에 다녀요.", "imageAssetName": null, "audioKey": null, "tags": ["pos:noun", "topic:daily"] },
  { "id": "n_jib_001", "korean": "집", "translation": "house", "example": "집에 있어요.", "imageAssetName": null, "audioKey": null, "tags": ["pos:noun", "topic:daily"] },
  { "id": "n_saram_001", "korean": "사람", "translation": "person", "example": "좋은 사람이에요.", "imageAssetName": null, "audioKey": null, "tags": ["pos:noun", "topic:daily"] },

  { "id": "a_keuda_001", "korean": "크다", "translation": "to be big", "example": "집이 커요.", "imageAssetName": null, "audioKey": null, "tags": ["pos:adjective", "topic:description"] },
  { "id": "a_jakda_001", "korean": "작다", "translation": "to be small", "example": "방이 작아요.", "imageAssetName": null, "audioKey": null, "tags": ["pos:adjective", "topic:description"] },
  { "id": "a_jota_001", "korean": "좋다", "translation": "to be good", "example": "날씨가 좋아요.", "imageAssetName": null, "audioKey": null, "tags": ["pos:adjective", "topic:daily"] },
  { "id": "a_nappuda_001", "korean": "나쁘다", "translation": "to be bad", "example": "기분이 나빠요.", "imageAssetName": null, "audioKey": null, "tags": ["pos:adjective", "topic:daily"] },
  { "id": "a_eoryeopda_001", "korean": "어렵다", "translation": "to be difficult", "example": "한국어가 어려워요.", "imageAssetName": null, "audioKey": null, "tags": ["pos:adjective", "topic:study"] },

  { "id": "v_hada_001", "korean": "하다", "translation": "to do", "example": "공부를 해요.", "imageAssetName": null, "audioKey": null, "tags": ["pos:verb", "topic:daily"] },
  { "id": "v_gongbuhada_001", "korean": "공부하다", "translation": "to study", "example": "매일 공부해요.", "imageAssetName": null, "audioKey": null, "tags": ["pos:verb", "topic:study"] },
  { "id": "v_ilhada_001", "korean": "일하다", "translation": "to work", "example": "회사에서 일해요.", "imageAssetName": null, "audioKey": null, "tags": ["pos:verb", "topic:work"] },
  { "id": "v_sibda_001", "korean": "쉽다", "translation": "to be easy", "example": "이 문제는 쉬워요.", "imageAssetName": null, "audioKey": null, "tags": ["pos:adjective", "topic:study"] },
  { "id": "v_jalhada_001", "korean": "잘하다", "translation": "to do well", "example": "운동을 잘해요.", "imageAssetName": null, "audioKey": null, "tags": ["pos:verb", "topic:daily"] },

  { "id": "n_sigani_001", "korean": "시간", "translation": "time", "example": "시간이 없어요.", "imageAssetName": null, "audioKey": null, "tags": ["pos:noun", "topic:daily"] },
  { "id": "n_oneul_001", "korean": "오늘", "translation": "today", "example": "오늘 뭐 해요?", "imageAssetName": null, "audioKey": null, "tags": ["pos:noun", "topic:time"] },
  { "id": "n_naeil_001", "korean": "내일", "translation": "tomorrow", "example": "내일 만나요.", "imageAssetName": null, "audioKey": null, "tags": ["pos:noun", "topic:time"] },
  { "id": "n_eoje_001", "korean": "어제", "translation": "yesterday", "example": "어제 비가 왔어요.", "imageAssetName": null, "audioKey": null, "tags": ["pos:noun", "topic:time"] },

  { "id": "n_chingu_001", "korean": "친구", "translation": "friend", "example": "친구를 만나요.", "imageAssetName": null, "audioKey": null, "tags": ["pos:noun", "topic:daily"] },
  { "id": "v_mannada_001", "korean": "만나다", "translation": "to meet", "example": "친구를 만나요.", "imageAssetName": null, "audioKey": null, "tags": ["pos:verb", "topic:daily"] },
  { "id": "v_sida_001", "korean": "쉬다", "translation": "to rest", "example": "주말에 쉬어요.", "imageAssetName": null, "audioKey": null, "tags": ["pos:verb", "topic:daily"] },
  { "id": "v_jada_001", "korean": "자다", "translation": "to sleep", "example": "일찍 자요.", "imageAssetName": null, "audioKey": null, "tags": ["pos:verb", "topic:daily"] },
  { "id": "v_il-eonada_001", "korean": "일어나다", "translation": "to wake up", "example": "아침에 일어나요.", "imageAssetName": null, "audioKey": null, "tags": ["pos:verb", "topic:daily"] }
]
